NOM,PRENOM,ADRESSE,TEMPS DE LOC,PRIX,NUMERO DE TEL,CORDONÉE
Michael,Scofiled,339 Vinewood Hills,2,25000,55597433,
Michael,Scofiled,3319 Vinewood Hills,2,25000,55597433,
Michael,Scofiled,339 Vinewood Hills,2,25000,55597433,
Michael,Scofiled,339 Vinewood Hills,2,25000,55597433,
Michael,Scofiled,339 Vinewood Hills,2,25000,55597433,
Michael,Scofiled,339 Vinewood Hills,2,25000,55597433,
Michael,Scofiled,339 Vinewood Hills,2,25000,55597433,
Michael,Scofiled,339 Vinewood Hills,2,25000,55597433,
Michael,Scofiled,339 Vinewood Hills,2,25000,55597433,
Michael,Scofiled,339 Vinewood Hills,2,25000,55597433,
Michael,Scofiled,339 Vinewood Hills,2,25000,55597433,
Michael,Scofiled,339 Vinewood Hills,2,25000,55597433,
Michael,Scofiled,339 Vinewood Hills,2,25000,55597433,
